確認用[0001-1000]_page_00001.jpg,1006003920101
確認用[0001-1000]_page_00002.jpg,1006003921101
確認用[0001-1000]_page_00003.jpg,1006003922101
確認用[0001-1000]_page_00004.jpg,1006003923101
確認用[0001-1000]_page_00005.jpg,1006003924101
確認用[0001-1000]_page_00006.jpg,1006003925101
確認用[0001-1000]_page_00007.jpg,1006003926101
確認用[0001-1000]_page_00008.jpg,1006003927101
確認用[0001-1000]_page_00009.jpg,1006003928101
確認用[0001-1000]_page_00010.jpg,1006003929101
確認用[0001-1000]_page_00011.jpg,1006003930101
確認用[0001-1000]_page_00012.jpg,1006003931101
確認用[0001-1000]_page_00013.jpg,1006003932101
確認用[0001-1000]_page_00014.jpg,1006003933101
確認用[0001-1000]_page_00015.jpg,1006003934101
確認用[0001-1000]_page_00016.jpg,1006003935101
確認用[0001-1000]_page_00017.jpg,1006003936101
確認用[0001-1000]_page_00018.jpg,1006003937101
確認用[0001-1000]_page_00019.jpg,1006003938101
確認用[0001-1000]_page_00020.jpg,1006003939101
確認用[0001-1000]_page_00021.jpg,1006003940101
確認用[0001-1000]_page_00022.jpg,1006003941101
確認用[0001-1000]_page_00023.jpg,1006003942101
確認用[0001-1000]_page_00024.jpg,1006003943101
確認用[0001-1000]_page_00025.jpg,1006003944101
確認用[0001-1000]_page_00026.jpg,1006003945101
確認用[0001-1000]_page_00027.jpg,1006003946101
確認用[0001-1000]_page_00028.jpg,1006003947101
確認用[0001-1000]_page_00029.jpg,1006003948101
確認用[0001-1000]_page_00030.jpg,1006003949101
確認用[0001-1000]_page_00031.jpg,1006003950101
確認用[0001-1000]_page_00032.jpg,1006003951101
確認用[0001-1000]_page_00033.jpg,1006003952101
確認用[0001-1000]_page_00034.jpg,1006003953101
確認用[0001-1000]_page_00035.jpg,1006003954101
確認用[0001-1000]_page_00036.jpg,1006003955101
確認用[0001-1000]_page_00037.jpg,1006003956101
確認用[0001-1000]_page_00038.jpg,1006003957101
確認用[0001-1000]_page_00039.jpg,1006003958101
確認用[0001-1000]_page_00040.jpg,1006003959101
確認用[0001-1000]_page_00041.jpg,1006003960101
確認用[0001-1000]_page_00042.jpg,1006003961101
確認用[0001-1000]_page_00043.jpg,1006003962101
確認用[0001-1000]_page_00044.jpg,1006003963101
確認用[0001-1000]_page_00045.jpg,1006003964101
確認用[0001-1000]_page_00046.jpg,1006003965101
確認用[0001-1000]_page_00047.jpg,1006003966101
確認用[0001-1000]_page_00048.jpg,1006003967101
確認用[0001-1000]_page_00049.jpg,1006003968101
確認用[0001-1000]_page_00050.jpg,1006003969101
確認用[0001-1000]_page_00051.jpg,1006003970101
確認用[0001-1000]_page_00052.jpg,1006003971101
確認用[0001-1000]_page_00053.jpg,1006003972101
確認用[0001-1000]_page_00054.jpg,1006003973101
確認用[0001-1000]_page_00055.jpg,1006003974101
確認用[0001-1000]_page_00056.jpg,1006003975101
確認用[0001-1000]_page_00057.jpg,1006003976101
確認用[0001-1000]_page_00058.jpg,1006003977101
確認用[0001-1000]_page_00059.jpg,1006003978101
確認用[0001-1000]_page_00060.jpg,1006003979101
確認用[0001-1000]_page_00061.jpg,1006003980101
確認用[0001-1000]_page_00062.jpg,1006003981101
確認用[0001-1000]_page_00063.jpg,1006003982101
確認用[0001-1000]_page_00064.jpg,1006003983101
確認用[0001-1000]_page_00065.jpg,1006003984101
確認用[0001-1000]_page_00066.jpg,1006003985101
確認用[0001-1000]_page_00067.jpg,1006003986101
確認用[0001-1000]_page_00068.jpg,1006003987101
確認用[0001-1000]_page_00069.jpg,1006003988101
確認用[0001-1000]_page_00070.jpg,1006003989101
確認用[0001-1000]_page_00071.jpg,1006003990101
確認用[0001-1000]_page_00072.jpg,1006003991101
確認用[0001-1000]_page_00073.jpg,1006003992101
確認用[0001-1000]_page_00074.jpg,1006003993101
確認用[0001-1000]_page_00075.jpg,1006003994101
確認用[0001-1000]_page_00076.jpg,1006003995101
確認用[0001-1000]_page_00077.jpg,1006003996101
確認用[0001-1000]_page_00078.jpg,1006003997101
確認用[0001-1000]_page_00079.jpg,1006003998101
確認用[0001-1000]_page_00080.jpg,1006003999101
確認用[0001-1000]_page_00081.jpg,1006004000101
確認用[0001-1000]_page_00082.jpg,1006004001101
確認用[0001-1000]_page_00083.jpg,1006004002101
確認用[0001-1000]_page_00084.jpg,1006004003101
確認用[0001-1000]_page_00085.jpg,1006004004101
確認用[0001-1000]_page_00086.jpg,1006004005101
確認用[0001-1000]_page_00087.jpg,1006004006101
確認用[0001-1000]_page_00088.jpg,1006004007101
確認用[0001-1000]_page_00089.jpg,1006004008101
確認用[0001-1000]_page_00090.jpg,1006004009101
確認用[0001-1000]_page_00091.jpg,1006004010101
確認用[0001-1000]_page_00092.jpg,1006004011101
確認用[0001-1000]_page_00093.jpg,1006004012101
確認用[0001-1000]_page_00094.jpg,1006004013101
確認用[0001-1000]_page_00095.jpg,1006004014101
確認用[0001-1000]_page_00096.jpg,1006004015101
確認用[0001-1000]_page_00097.jpg,1006004016101
確認用[0001-1000]_page_00098.jpg,1006004017101
確認用[0001-1000]_page_00099.jpg,1006004018101
確認用[0001-1000]_page_00100.jpg,1006004019101
確認用[0001-1000]_page_00101.jpg,1006004020101
確認用[0001-1000]_page_00102.jpg,1006004021101
確認用[0001-1000]_page_00103.jpg,1006004022101
確認用[0001-1000]_page_00104.jpg,1006004023101
確認用[0001-1000]_page_00105.jpg,1006004024101
確認用[0001-1000]_page_00106.jpg,1006004025101
確認用[0001-1000]_page_00107.jpg,1006004026101
確認用[0001-1000]_page_00108.jpg,1006004027101
確認用[0001-1000]_page_00109.jpg,1006004028101
確認用[0001-1000]_page_00110.jpg,1006004029101
確認用[0001-1000]_page_00111.jpg,1006004030101
確認用[0001-1000]_page_00112.jpg,1006004031101
確認用[0001-1000]_page_00113.jpg,1006004032101
確認用[0001-1000]_page_00114.jpg,1006004033101
確認用[0001-1000]_page_00115.jpg,1006004034101
確認用[0001-1000]_page_00116.jpg,1006004035101
確認用[0001-1000]_page_00117.jpg,1006004036101
確認用[0001-1000]_page_00118.jpg,1006004037101
確認用[0001-1000]_page_00119.jpg,1006004038101
確認用[0001-1000]_page_00120.jpg,1006004039101
確認用[0001-1000]_page_00121.jpg,1006004040101
確認用[0001-1000]_page_00122.jpg,1006004041101
確認用[0001-1000]_page_00123.jpg,1006004042101
確認用[0001-1000]_page_00124.jpg,1006004043101
確認用[0001-1000]_page_00125.jpg,1006004044101
確認用[0001-1000]_page_00126.jpg,1006004045101
確認用[0001-1000]_page_00127.jpg,1006004046101
確認用[0001-1000]_page_00128.jpg,1006004047101
確認用[0001-1000]_page_00129.jpg,1006004048101
確認用[0001-1000]_page_00130.jpg,1006004049101
確認用[0001-1000]_page_00131.jpg,1006004050101
確認用[0001-1000]_page_00132.jpg,1006004051101
確認用[0001-1000]_page_00133.jpg,1006004052101
確認用[0001-1000]_page_00134.jpg,1006004053101
確認用[0001-1000]_page_00135.jpg,1006004054101
確認用[0001-1000]_page_00136.jpg,1006004055101
確認用[0001-1000]_page_00137.jpg,1006004056101
確認用[0001-1000]_page_00138.jpg,1006004057101
確認用[0001-1000]_page_00139.jpg,1006004058101
確認用[0001-1000]_page_00140.jpg,1006004059101
確認用[0001-1000]_page_00141.jpg,1006004060101
確認用[0001-1000]_page_00142.jpg,1006004061101
確認用[0001-1000]_page_00143.jpg,1006004062101
確認用[0001-1000]_page_00144.jpg,1006004063101
確認用[0001-1000]_page_00145.jpg,1006004064101
確認用[0001-1000]_page_00146.jpg,1006004065101
確認用[0001-1000]_page_00147.jpg,1006004066101
確認用[0001-1000]_page_00148.jpg,1006004067101
確認用[0001-1000]_page_00149.jpg,1006004068101
確認用[0001-1000]_page_00150.jpg,1006004069101
確認用[0001-1000]_page_00151.jpg,1006004070101
確認用[0001-1000]_page_00152.jpg,1006004071101
確認用[0001-1000]_page_00153.jpg,1006004072101
確認用[0001-1000]_page_00154.jpg,1006004073101
確認用[0001-1000]_page_00155.jpg,1006004074101
確認用[0001-1000]_page_00156.jpg,1006004075101
確認用[0001-1000]_page_00157.jpg,1006004076101
確認用[0001-1000]_page_00158.jpg,1006004077101
確認用[0001-1000]_page_00159.jpg,1006004078101
確認用[0001-1000]_page_00160.jpg,1006004079101
確認用[0001-1000]_page_00161.jpg,1006004080101
確認用[0001-1000]_page_00162.jpg,1006004081101
確認用[0001-1000]_page_00163.jpg,1006004082101
確認用[0001-1000]_page_00164.jpg,1006004083101
確認用[0001-1000]_page_00165.jpg,1006004084101
確認用[0001-1000]_page_00166.jpg,1006004085101
確認用[0001-1000]_page_00167.jpg,1006004086101
確認用[0001-1000]_page_00168.jpg,1006004087101
確認用[0001-1000]_page_00169.jpg,1006004088101
確認用[0001-1000]_page_00170.jpg,1006004089101
確認用[0001-1000]_page_00171.jpg,1006004090101
確認用[0001-1000]_page_00172.jpg,1006004091101
確認用[0001-1000]_page_00173.jpg,1006004092101
確認用[0001-1000]_page_00174.jpg,1006004093101
確認用[0001-1000]_page_00175.jpg,1006004094101
確認用[0001-1000]_page_00176.jpg,1006004095101
確認用[0001-1000]_page_00177.jpg,1006004096101
確認用[0001-1000]_page_00178.jpg,1006004097101
確認用[0001-1000]_page_00179.jpg,1006004098101
確認用[0001-1000]_page_00180.jpg,1006004099101
確認用[0001-1000]_page_00181.jpg,1006004100101
確認用[0001-1000]_page_00182.jpg,1006004101101
確認用[0001-1000]_page_00183.jpg,1006004102101
確認用[0001-1000]_page_00184.jpg,1006004103101
確認用[0001-1000]_page_00185.jpg,1006004104101
確認用[0001-1000]_page_00186.jpg,1006004105101
確認用[0001-1000]_page_00187.jpg,1006004106101
確認用[0001-1000]_page_00188.jpg,1006004107101
確認用[0001-1000]_page_00189.jpg,1006004108101
確認用[0001-1000]_page_00190.jpg,1006004109101
確認用[0001-1000]_page_00191.jpg,1006004110101
確認用[0001-1000]_page_00192.jpg,1006004111101
確認用[0001-1000]_page_00193.jpg,1006004112101
確認用[0001-1000]_page_00194.jpg,1006004113101
確認用[0001-1000]_page_00195.jpg,1006004114101
確認用[0001-1000]_page_00196.jpg,1006004115101
確認用[0001-1000]_page_00197.jpg,1006004116101
確認用[0001-1000]_page_00198.jpg,1006004117101
確認用[0001-1000]_page_00199.jpg,1006004118101
確認用[0001-1000]_page_00200.jpg,1006004119101
確認用[0001-1000]_page_00201.jpg,1006004120101
確認用[0001-1000]_page_00202.jpg,1006004121101
確認用[0001-1000]_page_00203.jpg,1006004122101
確認用[0001-1000]_page_00204.jpg,1006004123101
確認用[0001-1000]_page_00205.jpg,1006004124101
確認用[0001-1000]_page_00206.jpg,1006004125101
確認用[0001-1000]_page_00207.jpg,1006004126101
確認用[0001-1000]_page_00208.jpg,1006004127101
確認用[0001-1000]_page_00209.jpg,1006004128101
確認用[0001-1000]_page_00210.jpg,1006004129101
確認用[0001-1000]_page_00211.jpg,1006004130101
確認用[0001-1000]_page_00212.jpg,1006004131101
確認用[0001-1000]_page_00213.jpg,1006004132101
確認用[0001-1000]_page_00214.jpg,1006004133101
確認用[0001-1000]_page_00215.jpg,1006004134101
確認用[0001-1000]_page_00216.jpg,1006004135101
確認用[0001-1000]_page_00217.jpg,1006004136101
確認用[0001-1000]_page_00218.jpg,1006004137101
確認用[0001-1000]_page_00219.jpg,1006004138101
確認用[0001-1000]_page_00220.jpg,1006004139101
確認用[0001-1000]_page_00221.jpg,1006004140101
確認用[0001-1000]_page_00222.jpg,1006004141101
確認用[0001-1000]_page_00223.jpg,1006004142101
確認用[0001-1000]_page_00224.jpg,1006004143101
確認用[0001-1000]_page_00225.jpg,1006004144101
確認用[0001-1000]_page_00226.jpg,1006004145101
確認用[0001-1000]_page_00227.jpg,1006004146101
確認用[0001-1000]_page_00228.jpg,1006004147101
確認用[0001-1000]_page_00229.jpg,1006004148101
確認用[0001-1000]_page_00230.jpg,1006004149101
確認用[0001-1000]_page_00231.jpg,1006004150101
確認用[0001-1000]_page_00232.jpg,1006004151101
確認用[0001-1000]_page_00233.jpg,1006004152101
確認用[0001-1000]_page_00234.jpg,1006004153101
確認用[0001-1000]_page_00235.jpg,1006004154101
確認用[0001-1000]_page_00236.jpg,1006004155101
確認用[0001-1000]_page_00237.jpg,1006004156101
確認用[0001-1000]_page_00238.jpg,1006004157101
確認用[0001-1000]_page_00239.jpg,1006004158101
確認用[0001-1000]_page_00240.jpg,1006004159101
確認用[0001-1000]_page_00241.jpg,1006004160101
確認用[0001-1000]_page_00242.jpg,1006004161101
確認用[0001-1000]_page_00243.jpg,1006004162101
確認用[0001-1000]_page_00244.jpg,1006004163101
確認用[0001-1000]_page_00245.jpg,1006004164101
確認用[0001-1000]_page_00246.jpg,1006004165101
確認用[0001-1000]_page_00247.jpg,1006004166101
確認用[0001-1000]_page_00248.jpg,1006004167101
確認用[0001-1000]_page_00249.jpg,1006004168101
確認用[0001-1000]_page_00250.jpg,1006004169101
確認用[0001-1000]_page_00251.jpg,1006004170101
確認用[0001-1000]_page_00252.jpg,1006004171101
確認用[0001-1000]_page_00253.jpg,1006004172101
確認用[0001-1000]_page_00254.jpg,1006004173101
確認用[0001-1000]_page_00255.jpg,1006004174101
確認用[0001-1000]_page_00256.jpg,1006004175101
確認用[0001-1000]_page_00257.jpg,1006004176101
確認用[0001-1000]_page_00258.jpg,1006004177101
確認用[0001-1000]_page_00259.jpg,1006004178101
確認用[0001-1000]_page_00260.jpg,1006004179101
確認用[0001-1000]_page_00261.jpg,1006004180101
確認用[0001-1000]_page_00262.jpg,1006004181101
確認用[0001-1000]_page_00263.jpg,1006004182101
確認用[0001-1000]_page_00264.jpg,1006004183101
確認用[0001-1000]_page_00265.jpg,1006004184101
確認用[0001-1000]_page_00266.jpg,1006004185101
確認用[0001-1000]_page_00267.jpg,1006004186101
確認用[0001-1000]_page_00268.jpg,1006004187101
確認用[0001-1000]_page_00269.jpg,1006004188101
確認用[0001-1000]_page_00270.jpg,1006004189101
確認用[0001-1000]_page_00271.jpg,1006004190101
確認用[0001-1000]_page_00272.jpg,1006004191101
確認用[0001-1000]_page_00273.jpg,1006004192101
確認用[0001-1000]_page_00274.jpg,1006004193101
確認用[0001-1000]_page_00275.jpg,1006004194101
確認用[0001-1000]_page_00276.jpg,1006004195101
確認用[0001-1000]_page_00277.jpg,1006004196101
確認用[0001-1000]_page_00278.jpg,1006004197101
確認用[0001-1000]_page_00279.jpg,1006004198101
確認用[0001-1000]_page_00280.jpg,1006004199101
確認用[0001-1000]_page_00281.jpg,1006004200101
確認用[0001-1000]_page_00282.jpg,1006004201101
確認用[0001-1000]_page_00283.jpg,1006004202101
確認用[0001-1000]_page_00284.jpg,1006004203101
確認用[0001-1000]_page_00285.jpg,1006004204101
確認用[0001-1000]_page_00286.jpg,1006004205101
確認用[0001-1000]_page_00287.jpg,1006004206101
確認用[0001-1000]_page_00288.jpg,1006004207101
確認用[0001-1000]_page_00289.jpg,1006004208101
確認用[0001-1000]_page_00290.jpg,1006004209101
確認用[0001-1000]_page_00291.jpg,1006004210101
確認用[0001-1000]_page_00292.jpg,1006004211101
確認用[0001-1000]_page_00293.jpg,1006004212101
確認用[0001-1000]_page_00294.jpg,1006004213101
確認用[0001-1000]_page_00295.jpg,1006004214101
確認用[0001-1000]_page_00296.jpg,1006004215101
確認用[0001-1000]_page_00297.jpg,1006004216101
確認用[0001-1000]_page_00298.jpg,1006004217101
確認用[0001-1000]_page_00299.jpg,1006004218101
確認用[0001-1000]_page_00300.jpg,1006004219101
確認用[0001-1000]_page_00301.jpg,1006004220101
確認用[0001-1000]_page_00302.jpg,1006004221101
確認用[0001-1000]_page_00303.jpg,1006004222101
確認用[0001-1000]_page_00304.jpg,1006004223101
確認用[0001-1000]_page_00305.jpg,1006004224101
確認用[0001-1000]_page_00306.jpg,1006004225101
確認用[0001-1000]_page_00307.jpg,1006004226101
確認用[0001-1000]_page_00308.jpg,1006004227101
確認用[0001-1000]_page_00309.jpg,1006004228101
確認用[0001-1000]_page_00310.jpg,1006004229101
確認用[0001-1000]_page_00311.jpg,1006004230101
確認用[0001-1000]_page_00312.jpg,1006004231101
確認用[0001-1000]_page_00313.jpg,1006004232101
確認用[0001-1000]_page_00314.jpg,1006004233101
確認用[0001-1000]_page_00315.jpg,1006004234101
確認用[0001-1000]_page_00316.jpg,1006004235101
確認用[0001-1000]_page_00317.jpg,1006004236101
確認用[0001-1000]_page_00318.jpg,1006004237101
確認用[0001-1000]_page_00319.jpg,1006004238101
確認用[0001-1000]_page_00320.jpg,1006004239101
確認用[0001-1000]_page_00321.jpg,1006004240101
確認用[0001-1000]_page_00322.jpg,1006004241101
確認用[0001-1000]_page_00323.jpg,1006004242101
確認用[0001-1000]_page_00324.jpg,1006004243101
確認用[0001-1000]_page_00325.jpg,1006004244101
確認用[0001-1000]_page_00326.jpg,1006004245101
確認用[0001-1000]_page_00327.jpg,1006004246101
確認用[0001-1000]_page_00328.jpg,1006004247101
確認用[0001-1000]_page_00329.jpg,1006004248101
確認用[0001-1000]_page_00330.jpg,1006004249101
確認用[0001-1000]_page_00331.jpg,1006004250101
確認用[0001-1000]_page_00332.jpg,1006004251101
確認用[0001-1000]_page_00333.jpg,1006004252101
確認用[0001-1000]_page_00334.jpg,1006004253101
確認用[0001-1000]_page_00335.jpg,1006004254101
確認用[0001-1000]_page_00336.jpg,1006004255101
確認用[0001-1000]_page_00337.jpg,1006004256101
確認用[0001-1000]_page_00338.jpg,1006004257101
確認用[0001-1000]_page_00339.jpg,1006004258101
確認用[0001-1000]_page_00340.jpg,1006004259101
確認用[0001-1000]_page_00341.jpg,1006004260101
確認用[0001-1000]_page_00342.jpg,1006004261101
確認用[0001-1000]_page_00343.jpg,1006004262101
確認用[0001-1000]_page_00344.jpg,1006004263101
確認用[0001-1000]_page_00345.jpg,1006004264101
確認用[0001-1000]_page_00346.jpg,1006004265101
確認用[0001-1000]_page_00347.jpg,1006004266101
確認用[0001-1000]_page_00348.jpg,1006004267101
確認用[0001-1000]_page_00349.jpg,1006004268101
確認用[0001-1000]_page_00350.jpg,1006004269101
確認用[0001-1000]_page_00351.jpg,1006004270101
確認用[0001-1000]_page_00352.jpg,1006004271101
確認用[0001-1000]_page_00353.jpg,1006004272101
確認用[0001-1000]_page_00354.jpg,1006004273101
確認用[0001-1000]_page_00355.jpg,1006004274101
確認用[0001-1000]_page_00356.jpg,1006004275101
確認用[0001-1000]_page_00357.jpg,1006004276101
確認用[0001-1000]_page_00358.jpg,1006004277101
確認用[0001-1000]_page_00359.jpg,1006004278101
確認用[0001-1000]_page_00360.jpg,1006004279101
確認用[0001-1000]_page_00361.jpg,1006004280101
確認用[0001-1000]_page_00362.jpg,1006004281101
確認用[0001-1000]_page_00363.jpg,1006004282101
確認用[0001-1000]_page_00364.jpg,1006004283101
確認用[0001-1000]_page_00365.jpg,1006004284101
確認用[0001-1000]_page_00366.jpg,1006004285101
確認用[0001-1000]_page_00367.jpg,1006004286101
確認用[0001-1000]_page_00368.jpg,1006004287101
確認用[0001-1000]_page_00369.jpg,1006004288101
確認用[0001-1000]_page_00370.jpg,1006004289101
確認用[0001-1000]_page_00371.jpg,1006004290101
確認用[0001-1000]_page_00372.jpg,1006004291101
確認用[0001-1000]_page_00373.jpg,1006004292101
確認用[0001-1000]_page_00374.jpg,1006004293101
確認用[0001-1000]_page_00375.jpg,1006004294101
確認用[0001-1000]_page_00376.jpg,1006004295101
確認用[0001-1000]_page_00377.jpg,1006004296101
確認用[0001-1000]_page_00378.jpg,1006004297101
確認用[0001-1000]_page_00379.jpg,1006004298101
確認用[0001-1000]_page_00380.jpg,1006004299101
確認用[0001-1000]_page_00381.jpg,1006004300101
確認用[0001-1000]_page_00382.jpg,1006004301101
確認用[0001-1000]_page_00383.jpg,1006004302101
確認用[0001-1000]_page_00384.jpg,1006004303101
確認用[0001-1000]_page_00385.jpg,1006004304101
確認用[0001-1000]_page_00386.jpg,1006004305101
確認用[0001-1000]_page_00387.jpg,1006004306101
確認用[0001-1000]_page_00388.jpg,1006004307101
確認用[0001-1000]_page_00389.jpg,1006004308101
確認用[0001-1000]_page_00390.jpg,1006004309101
確認用[0001-1000]_page_00391.jpg,1006004310101
確認用[0001-1000]_page_00392.jpg,1006004311101
確認用[0001-1000]_page_00393.jpg,1006004312101
確認用[0001-1000]_page_00394.jpg,1006004313101
確認用[0001-1000]_page_00395.jpg,1006004314101
確認用[0001-1000]_page_00396.jpg,1006004315101
確認用[0001-1000]_page_00397.jpg,1006004316101
確認用[0001-1000]_page_00398.jpg,1006004317101
確認用[0001-1000]_page_00399.jpg,1006004318101
確認用[0001-1000]_page_00400.jpg,1006004319101
確認用[0001-1000]_page_00401.jpg,1006004320101
確認用[0001-1000]_page_00402.jpg,1006004321101
確認用[0001-1000]_page_00403.jpg,1006004322101
確認用[0001-1000]_page_00404.jpg,1006004323101
確認用[0001-1000]_page_00405.jpg,1006004324101
確認用[0001-1000]_page_00406.jpg,1006004325101
確認用[0001-1000]_page_00407.jpg,1006004326101
確認用[0001-1000]_page_00408.jpg,1006004327101
確認用[0001-1000]_page_00409.jpg,1006004328101
確認用[0001-1000]_page_00410.jpg,1006004329101
確認用[0001-1000]_page_00411.jpg,1006004330101
確認用[0001-1000]_page_00412.jpg,1006004331101
確認用[0001-1000]_page_00413.jpg,1006004332101
確認用[0001-1000]_page_00414.jpg,1006004333101
確認用[0001-1000]_page_00415.jpg,1006004334101
確認用[0001-1000]_page_00416.jpg,1006004335101
確認用[0001-1000]_page_00417.jpg,1006004336101
確認用[0001-1000]_page_00418.jpg,1006004337101
確認用[0001-1000]_page_00419.jpg,1006004338101
確認用[0001-1000]_page_00420.jpg,1006004339101
確認用[0001-1000]_page_00421.jpg,1006004340101
確認用[0001-1000]_page_00422.jpg,1006004341101
確認用[0001-1000]_page_00423.jpg,1006004342101
確認用[0001-1000]_page_00424.jpg,1006004343101
確認用[0001-1000]_page_00425.jpg,1006004344101
確認用[0001-1000]_page_00426.jpg,1006004345101
確認用[0001-1000]_page_00427.jpg,1006004346101
確認用[0001-1000]_page_00428.jpg,1006004347101
確認用[0001-1000]_page_00429.jpg,1006004348101
確認用[0001-1000]_page_00430.jpg,1006004349101
確認用[0001-1000]_page_00431.jpg,1006004350101
確認用[0001-1000]_page_00432.jpg,1006004351101
確認用[0001-1000]_page_00433.jpg,1006004352101
確認用[0001-1000]_page_00434.jpg,1006004353101
確認用[0001-1000]_page_00435.jpg,1006004354101
確認用[0001-1000]_page_00436.jpg,1006004355101
確認用[0001-1000]_page_00437.jpg,1006004356101
確認用[0001-1000]_page_00438.jpg,1006004357101
確認用[0001-1000]_page_00439.jpg,1006004358101
確認用[0001-1000]_page_00440.jpg,1006004359101
確認用[0001-1000]_page_00441.jpg,1006004360101
確認用[0001-1000]_page_00442.jpg,1006004361101
確認用[0001-1000]_page_00443.jpg,1006004362101
確認用[0001-1000]_page_00444.jpg,1006004363101
確認用[0001-1000]_page_00445.jpg,1006004364101
確認用[0001-1000]_page_00446.jpg,1006004365101
確認用[0001-1000]_page_00447.jpg,1006004366101
確認用[0001-1000]_page_00448.jpg,1006004367101
確認用[0001-1000]_page_00449.jpg,1006004368101
確認用[0001-1000]_page_00450.jpg,1006004369101
確認用[0001-1000]_page_00451.jpg,1006004370101
確認用[0001-1000]_page_00452.jpg,1006004371101
確認用[0001-1000]_page_00453.jpg,1006004372101
確認用[0001-1000]_page_00454.jpg,1006004373101
確認用[0001-1000]_page_00455.jpg,1006004374101
確認用[0001-1000]_page_00456.jpg,1006004375101
確認用[0001-1000]_page_00457.jpg,1006004376101
確認用[0001-1000]_page_00458.jpg,1006004377101
確認用[0001-1000]_page_00459.jpg,1006004378101
確認用[0001-1000]_page_00460.jpg,1006004379101
確認用[0001-1000]_page_00461.jpg,1006004380101
確認用[0001-1000]_page_00462.jpg,1006004381101
確認用[0001-1000]_page_00463.jpg,1006004382101
確認用[0001-1000]_page_00464.jpg,1006004383101
確認用[0001-1000]_page_00465.jpg,1006004384101
確認用[0001-1000]_page_00466.jpg,1006004385101
確認用[0001-1000]_page_00467.jpg,1006004386101
確認用[0001-1000]_page_00468.jpg,1006004387101
確認用[0001-1000]_page_00469.jpg,1006004388101
確認用[0001-1000]_page_00470.jpg,1006004389101
確認用[0001-1000]_page_00471.jpg,1006004390101
確認用[0001-1000]_page_00472.jpg,1006004391101
確認用[0001-1000]_page_00473.jpg,1006004392101
確認用[0001-1000]_page_00474.jpg,1006004393101
確認用[0001-1000]_page_00475.jpg,1006004394101
確認用[0001-1000]_page_00476.jpg,1006004395101
確認用[0001-1000]_page_00477.jpg,1006004396101
確認用[0001-1000]_page_00478.jpg,1006004397101
確認用[0001-1000]_page_00479.jpg,1006004398101
確認用[0001-1000]_page_00480.jpg,1006004399101
確認用[0001-1000]_page_00481.jpg,1006004400101
確認用[0001-1000]_page_00482.jpg,1006004401101
確認用[0001-1000]_page_00483.jpg,1006004402101
確認用[0001-1000]_page_00484.jpg,1006004403101
確認用[0001-1000]_page_00485.jpg,1006004404101
確認用[0001-1000]_page_00486.jpg,1006004405101
確認用[0001-1000]_page_00487.jpg,1006004406101
確認用[0001-1000]_page_00488.jpg,1006004407101
確認用[0001-1000]_page_00489.jpg,1006004408101
確認用[0001-1000]_page_00490.jpg,1006004409101
確認用[0001-1000]_page_00491.jpg,1006004410101
確認用[0001-1000]_page_00492.jpg,1006004411101
確認用[0001-1000]_page_00493.jpg,1006004412101
確認用[0001-1000]_page_00494.jpg,1006004413101
確認用[0001-1000]_page_00495.jpg,1006004414101
確認用[0001-1000]_page_00496.jpg,1006004415101
確認用[0001-1000]_page_00497.jpg,1006004416101
確認用[0001-1000]_page_00498.jpg,1006004417101
確認用[0001-1000]_page_00499.jpg,1006004418101
確認用[0001-1000]_page_00500.jpg,1006004419101
確認用[0001-1000]_page_00501.jpg,1006004420101
確認用[0001-1000]_page_00502.jpg,1006004421101
確認用[0001-1000]_page_00503.jpg,1006004422101
確認用[0001-1000]_page_00504.jpg,1006004423101
確認用[0001-1000]_page_00505.jpg,1006004424101
確認用[0001-1000]_page_00506.jpg,1006004425101
確認用[0001-1000]_page_00507.jpg,1006004426101
確認用[0001-1000]_page_00508.jpg,1006004427101
確認用[0001-1000]_page_00509.jpg,1006004428101
確認用[0001-1000]_page_00510.jpg,1006004429101
確認用[0001-1000]_page_00511.jpg,1006004430101
確認用[0001-1000]_page_00512.jpg,1006004431101
確認用[0001-1000]_page_00513.jpg,1006004432101
確認用[0001-1000]_page_00514.jpg,1006004433101
確認用[0001-1000]_page_00515.jpg,1006004434101
確認用[0001-1000]_page_00516.jpg,1006004435101
確認用[0001-1000]_page_00517.jpg,1006004436101
確認用[0001-1000]_page_00518.jpg,1006004437101
確認用[0001-1000]_page_00519.jpg,1006004438101
確認用[0001-1000]_page_00520.jpg,1006004439101
確認用[0001-1000]_page_00521.jpg,1006004440101
確認用[0001-1000]_page_00522.jpg,1006004441101
確認用[0001-1000]_page_00523.jpg,1006004442101
確認用[0001-1000]_page_00524.jpg,1006004443101
確認用[0001-1000]_page_00525.jpg,1006004444101
確認用[0001-1000]_page_00526.jpg,1006004445101
確認用[0001-1000]_page_00527.jpg,1006004446101
確認用[0001-1000]_page_00528.jpg,1006004447101
確認用[0001-1000]_page_00529.jpg,1006004448101
確認用[0001-1000]_page_00530.jpg,1006004449101
確認用[0001-1000]_page_00531.jpg,1006004450101
確認用[0001-1000]_page_00532.jpg,1006004451101
確認用[0001-1000]_page_00533.jpg,1006004452101
確認用[0001-1000]_page_00534.jpg,1006004453101
確認用[0001-1000]_page_00535.jpg,1006004454101
確認用[0001-1000]_page_00536.jpg,1006004455101
確認用[0001-1000]_page_00537.jpg,1006004456101
確認用[0001-1000]_page_00538.jpg,1006004457101
確認用[0001-1000]_page_00539.jpg,1006004458101
確認用[0001-1000]_page_00540.jpg,1006004459101
確認用[0001-1000]_page_00541.jpg,1006004460101
確認用[0001-1000]_page_00542.jpg,1006004461101
確認用[0001-1000]_page_00543.jpg,1006004462101
確認用[0001-1000]_page_00544.jpg,1006004463101
確認用[0001-1000]_page_00545.jpg,1006004464101
確認用[0001-1000]_page_00546.jpg,1006004465101
確認用[0001-1000]_page_00547.jpg,1006004466101
確認用[0001-1000]_page_00548.jpg,1006004467101
確認用[0001-1000]_page_00549.jpg,1006004468101
確認用[0001-1000]_page_00550.jpg,1006004469101
確認用[0001-1000]_page_00551.jpg,1006004470101
確認用[0001-1000]_page_00552.jpg,1006004471101
確認用[0001-1000]_page_00553.jpg,1006004472101
確認用[0001-1000]_page_00554.jpg,1006004473101
確認用[0001-1000]_page_00555.jpg,1006004474101
確認用[0001-1000]_page_00556.jpg,1006004475101
確認用[0001-1000]_page_00557.jpg,1006004476101
確認用[0001-1000]_page_00558.jpg,1006004477101
確認用[0001-1000]_page_00559.jpg,1006004478101
確認用[0001-1000]_page_00560.jpg,1006004479101
確認用[0001-1000]_page_00561.jpg,1006004480101
確認用[0001-1000]_page_00562.jpg,1006004481101
確認用[0001-1000]_page_00563.jpg,1006004482101
確認用[0001-1000]_page_00564.jpg,1006004483101
確認用[0001-1000]_page_00565.jpg,1006004484101
確認用[0001-1000]_page_00566.jpg,1006004485101
確認用[0001-1000]_page_00567.jpg,1006004486101
確認用[0001-1000]_page_00568.jpg,1006004487101
確認用[0001-1000]_page_00569.jpg,1006004488101
確認用[0001-1000]_page_00570.jpg,1006004489101
確認用[0001-1000]_page_00571.jpg,1006004490101
確認用[0001-1000]_page_00572.jpg,1006004491101
確認用[0001-1000]_page_00573.jpg,1006004492101
確認用[0001-1000]_page_00574.jpg,1006004493101
確認用[0001-1000]_page_00575.jpg,1006004494101
確認用[0001-1000]_page_00576.jpg,1006004495101
確認用[0001-1000]_page_00577.jpg,1006004496101
確認用[0001-1000]_page_00578.jpg,1006004497101
確認用[0001-1000]_page_00579.jpg,1006004498101
確認用[0001-1000]_page_00580.jpg,1006004499101
確認用[0001-1000]_page_00581.jpg,1006004500101
確認用[0001-1000]_page_00582.jpg,1006004501101
確認用[0001-1000]_page_00583.jpg,1006004502101
確認用[0001-1000]_page_00584.jpg,1006004503101
確認用[0001-1000]_page_00585.jpg,1006004504101
確認用[0001-1000]_page_00586.jpg,1006004505101
確認用[0001-1000]_page_00587.jpg,1006004506101
確認用[0001-1000]_page_00588.jpg,1006004507101
確認用[0001-1000]_page_00589.jpg,1006004508101
確認用[0001-1000]_page_00590.jpg,1006004509101
確認用[0001-1000]_page_00591.jpg,1006004510101
確認用[0001-1000]_page_00592.jpg,1006004511101
確認用[0001-1000]_page_00593.jpg,1006004512101
確認用[0001-1000]_page_00594.jpg,1006004513101
確認用[0001-1000]_page_00595.jpg,1006004514101
確認用[0001-1000]_page_00596.jpg,1006004515101
確認用[0001-1000]_page_00597.jpg,1006004516101
確認用[0001-1000]_page_00598.jpg,1006004517101
確認用[0001-1000]_page_00599.jpg,1006004518101
確認用[0001-1000]_page_00600.jpg,1006004519101
確認用[0001-1000]_page_00601.jpg,1006004520101
確認用[0001-1000]_page_00602.jpg,1006004521101
確認用[0001-1000]_page_00603.jpg,1006004522101
確認用[0001-1000]_page_00604.jpg,1006004523101
確認用[0001-1000]_page_00605.jpg,1006004524101
確認用[0001-1000]_page_00606.jpg,1006004525101
確認用[0001-1000]_page_00607.jpg,1006004526101
確認用[0001-1000]_page_00608.jpg,1006004527101
確認用[0001-1000]_page_00609.jpg,1006004528101
確認用[0001-1000]_page_00610.jpg,1006004529101
確認用[0001-1000]_page_00611.jpg,1006004530101
確認用[0001-1000]_page_00612.jpg,1006004531101
確認用[0001-1000]_page_00613.jpg,1006004532101
確認用[0001-1000]_page_00614.jpg,1006004533101
確認用[0001-1000]_page_00615.jpg,1006004534101
確認用[0001-1000]_page_00616.jpg,1006004535101
確認用[0001-1000]_page_00617.jpg,1006004536101
確認用[0001-1000]_page_00618.jpg,1006004537101
確認用[0001-1000]_page_00619.jpg,1006004538101
確認用[0001-1000]_page_00620.jpg,1006004539101
確認用[0001-1000]_page_00621.jpg,1006004540101
確認用[0001-1000]_page_00622.jpg,1006004541101
確認用[0001-1000]_page_00623.jpg,1006004542101
確認用[0001-1000]_page_00624.jpg,1006004543101
確認用[0001-1000]_page_00625.jpg,1006004544101
確認用[0001-1000]_page_00626.jpg,1006004545101
確認用[0001-1000]_page_00627.jpg,1006004546101
確認用[0001-1000]_page_00628.jpg,1006004547101
確認用[0001-1000]_page_00629.jpg,1006004548101
確認用[0001-1000]_page_00630.jpg,1006004549101
確認用[0001-1000]_page_00631.jpg,1006004550101
確認用[0001-1000]_page_00632.jpg,1006004551101
確認用[0001-1000]_page_00633.jpg,1006004552101
確認用[0001-1000]_page_00634.jpg,1006004553101
確認用[0001-1000]_page_00635.jpg,1006004554101
確認用[0001-1000]_page_00636.jpg,1006004555101
確認用[0001-1000]_page_00637.jpg,1006004556101
確認用[0001-1000]_page_00638.jpg,1006004557101
確認用[0001-1000]_page_00639.jpg,1006004558101
確認用[0001-1000]_page_00640.jpg,1006004559101
確認用[0001-1000]_page_00641.jpg,1006004560101
確認用[0001-1000]_page_00642.jpg,1006004561101
確認用[0001-1000]_page_00643.jpg,1006004562101
確認用[0001-1000]_page_00644.jpg,1006004563101
確認用[0001-1000]_page_00645.jpg,1006004564101
確認用[0001-1000]_page_00646.jpg,1006004565101
確認用[0001-1000]_page_00647.jpg,1006004566101
確認用[0001-1000]_page_00648.jpg,1006004567101
確認用[0001-1000]_page_00649.jpg,1006004568101
確認用[0001-1000]_page_00650.jpg,1006004569101
確認用[0001-1000]_page_00651.jpg,1006004570101
確認用[0001-1000]_page_00652.jpg,1006004571101
確認用[0001-1000]_page_00653.jpg,1006004572101
確認用[0001-1000]_page_00654.jpg,1006004573101
確認用[0001-1000]_page_00655.jpg,1006004574101
確認用[0001-1000]_page_00656.jpg,1006004575101
確認用[0001-1000]_page_00657.jpg,1006004576101
確認用[0001-1000]_page_00658.jpg,1006004577101
確認用[0001-1000]_page_00659.jpg,1006004578101
確認用[0001-1000]_page_00660.jpg,1006004579101
確認用[0001-1000]_page_00661.jpg,1006004580101
確認用[0001-1000]_page_00662.jpg,1006004581101
確認用[0001-1000]_page_00663.jpg,1006004582101
確認用[0001-1000]_page_00664.jpg,1006004583101
確認用[0001-1000]_page_00665.jpg,1006004584101
確認用[0001-1000]_page_00666.jpg,1006004585101
確認用[0001-1000]_page_00667.jpg,1006004586101
確認用[0001-1000]_page_00668.jpg,1006004587101
確認用[0001-1000]_page_00669.jpg,1006004588101
確認用[0001-1000]_page_00670.jpg,1006004589101
確認用[0001-1000]_page_00671.jpg,1006004590101
確認用[0001-1000]_page_00672.jpg,1006004591101
確認用[0001-1000]_page_00673.jpg,1006004592101
確認用[0001-1000]_page_00674.jpg,1006004593101
確認用[0001-1000]_page_00675.jpg,1006004594101
確認用[0001-1000]_page_00676.jpg,1006004595101
確認用[0001-1000]_page_00677.jpg,1006004596101
確認用[0001-1000]_page_00678.jpg,1006004597101
確認用[0001-1000]_page_00679.jpg,1006004598101
確認用[0001-1000]_page_00680.jpg,1006004599101
確認用[0001-1000]_page_00681.jpg,1006004600101
確認用[0001-1000]_page_00682.jpg,1006004601101
確認用[0001-1000]_page_00683.jpg,1006004602101
確認用[0001-1000]_page_00684.jpg,1006004603101
確認用[0001-1000]_page_00685.jpg,1006004604101
確認用[0001-1000]_page_00686.jpg,1006004605101
確認用[0001-1000]_page_00687.jpg,1006004606101
確認用[0001-1000]_page_00688.jpg,1006004607101
確認用[0001-1000]_page_00689.jpg,1006004608101
確認用[0001-1000]_page_00690.jpg,1006004609101
確認用[0001-1000]_page_00691.jpg,1006004610101
確認用[0001-1000]_page_00692.jpg,1006004611101
確認用[0001-1000]_page_00693.jpg,1006004612101
確認用[0001-1000]_page_00694.jpg,1006004613101
確認用[0001-1000]_page_00695.jpg,1006004614101
確認用[0001-1000]_page_00696.jpg,1006004615101
確認用[0001-1000]_page_00697.jpg,1006004616101
確認用[0001-1000]_page_00698.jpg,1006004617101
確認用[0001-1000]_page_00699.jpg,1006004618101
確認用[0001-1000]_page_00700.jpg,1006004619101
確認用[0001-1000]_page_00701.jpg,1006004620101
確認用[0001-1000]_page_00702.jpg,1006004621101
確認用[0001-1000]_page_00703.jpg,1006004622101
確認用[0001-1000]_page_00704.jpg,1006004623101
確認用[0001-1000]_page_00705.jpg,1006004624101
確認用[0001-1000]_page_00706.jpg,1006004625101
確認用[0001-1000]_page_00707.jpg,1006004626101
確認用[0001-1000]_page_00708.jpg,1006004627101
確認用[0001-1000]_page_00709.jpg,1006004628101
確認用[0001-1000]_page_00710.jpg,1006004629101
確認用[0001-1000]_page_00711.jpg,1006004630101
確認用[0001-1000]_page_00712.jpg,1006004631101
確認用[0001-1000]_page_00713.jpg,1006004632101
確認用[0001-1000]_page_00714.jpg,1006004633101
確認用[0001-1000]_page_00715.jpg,1006004634101
確認用[0001-1000]_page_00716.jpg,1006004635101
確認用[0001-1000]_page_00717.jpg,1006004636101
確認用[0001-1000]_page_00718.jpg,1006004637101
確認用[0001-1000]_page_00719.jpg,1006004638101
確認用[0001-1000]_page_00720.jpg,1006004639101
確認用[0001-1000]_page_00721.jpg,1006004640101
確認用[0001-1000]_page_00722.jpg,1006004641101
確認用[0001-1000]_page_00723.jpg,1006004642101
確認用[0001-1000]_page_00724.jpg,1006004643101
確認用[0001-1000]_page_00725.jpg,1006004644101
確認用[0001-1000]_page_00726.jpg,1006004645101
確認用[0001-1000]_page_00727.jpg,1006004646101
確認用[0001-1000]_page_00728.jpg,1006004647101
確認用[0001-1000]_page_00729.jpg,1006004648101
確認用[0001-1000]_page_00730.jpg,1006004649101
確認用[0001-1000]_page_00731.jpg,1006004650101
確認用[0001-1000]_page_00732.jpg,1006004651101
確認用[0001-1000]_page_00733.jpg,1006004652101
確認用[0001-1000]_page_00734.jpg,1006004653101
確認用[0001-1000]_page_00735.jpg,1006004654101
確認用[0001-1000]_page_00736.jpg,1006004655101
確認用[0001-1000]_page_00737.jpg,1006004656101
確認用[0001-1000]_page_00738.jpg,1006004657101
確認用[0001-1000]_page_00739.jpg,1006004658101
確認用[0001-1000]_page_00740.jpg,1006004659101
確認用[0001-1000]_page_00741.jpg,1006004660101
確認用[0001-1000]_page_00742.jpg,1006004661101
確認用[0001-1000]_page_00743.jpg,1006004662101
確認用[0001-1000]_page_00744.jpg,1006004663101
確認用[0001-1000]_page_00745.jpg,1006004664101
確認用[0001-1000]_page_00746.jpg,1006004665101
確認用[0001-1000]_page_00747.jpg,1006004666101
確認用[0001-1000]_page_00748.jpg,1006004667101
確認用[0001-1000]_page_00749.jpg,1006004668101
確認用[0001-1000]_page_00750.jpg,1006004669101
確認用[0001-1000]_page_00751.jpg,1006004670101
確認用[0001-1000]_page_00752.jpg,1006004671101
確認用[0001-1000]_page_00753.jpg,1006004672101
確認用[0001-1000]_page_00754.jpg,1006004673101
確認用[0001-1000]_page_00755.jpg,1006004674101
確認用[0001-1000]_page_00756.jpg,1006004675101
確認用[0001-1000]_page_00757.jpg,1006004676101
確認用[0001-1000]_page_00758.jpg,1006004677101
確認用[0001-1000]_page_00759.jpg,1006004678101
確認用[0001-1000]_page_00760.jpg,1006004679101
確認用[0001-1000]_page_00761.jpg,1006004680101
確認用[0001-1000]_page_00762.jpg,1006004681101
確認用[0001-1000]_page_00763.jpg,1006004682101
確認用[0001-1000]_page_00764.jpg,1006004683101
確認用[0001-1000]_page_00765.jpg,1006004684101
確認用[0001-1000]_page_00766.jpg,1006004685101
確認用[0001-1000]_page_00767.jpg,1006004686101
確認用[0001-1000]_page_00768.jpg,1006004687101
確認用[0001-1000]_page_00769.jpg,1006004688101
確認用[0001-1000]_page_00770.jpg,1006004689101
確認用[0001-1000]_page_00771.jpg,1006004690101
確認用[0001-1000]_page_00772.jpg,1006004691101
確認用[0001-1000]_page_00773.jpg,1006004692101
確認用[0001-1000]_page_00774.jpg,1006004693101
確認用[0001-1000]_page_00775.jpg,1006004694101
確認用[0001-1000]_page_00776.jpg,1006004695101
確認用[0001-1000]_page_00777.jpg,1006004696101
確認用[0001-1000]_page_00778.jpg,1006004697101
確認用[0001-1000]_page_00779.jpg,1006004698101
確認用[0001-1000]_page_00780.jpg,1006004699101
確認用[0001-1000]_page_00781.jpg,1006004700101
確認用[0001-1000]_page_00782.jpg,1006004701101
確認用[0001-1000]_page_00783.jpg,1006004702101
確認用[0001-1000]_page_00784.jpg,1006004703101
確認用[0001-1000]_page_00785.jpg,1006004704101
確認用[0001-1000]_page_00786.jpg,1006004705101
確認用[0001-1000]_page_00787.jpg,1006004706101
確認用[0001-1000]_page_00788.jpg,1006004707101
確認用[0001-1000]_page_00789.jpg,1006004708101
確認用[0001-1000]_page_00790.jpg,1006004709101
確認用[0001-1000]_page_00791.jpg,1006004710101
確認用[0001-1000]_page_00792.jpg,1006004711101
確認用[0001-1000]_page_00793.jpg,1006004712101
確認用[0001-1000]_page_00794.jpg,1006004713101
確認用[0001-1000]_page_00795.jpg,1006004714101
確認用[0001-1000]_page_00796.jpg,1006004715101
確認用[0001-1000]_page_00797.jpg,1006004716101
確認用[0001-1000]_page_00798.jpg,1006004717101
確認用[0001-1000]_page_00799.jpg,1006004718101
確認用[0001-1000]_page_00800.jpg,1006004719101
確認用[0001-1000]_page_00801.jpg,1006004720101
確認用[0001-1000]_page_00802.jpg,1006004721101
確認用[0001-1000]_page_00803.jpg,1006004722101
確認用[0001-1000]_page_00804.jpg,1006004723101
確認用[0001-1000]_page_00805.jpg,1006004724101
確認用[0001-1000]_page_00806.jpg,1006004725101
確認用[0001-1000]_page_00807.jpg,1006004726101
確認用[0001-1000]_page_00808.jpg,1006004727101
確認用[0001-1000]_page_00809.jpg,1006004728101
確認用[0001-1000]_page_00810.jpg,1006004729101
確認用[0001-1000]_page_00811.jpg,1006004730101
確認用[0001-1000]_page_00812.jpg,1006004731101
確認用[0001-1000]_page_00813.jpg,1006004732101
確認用[0001-1000]_page_00814.jpg,1006004733101
確認用[0001-1000]_page_00815.jpg,1006004734101
確認用[0001-1000]_page_00816.jpg,1006004735101
確認用[0001-1000]_page_00817.jpg,1006004736101
確認用[0001-1000]_page_00818.jpg,1006004737101
確認用[0001-1000]_page_00819.jpg,1006004738101
確認用[0001-1000]_page_00820.jpg,1006004739101
確認用[0001-1000]_page_00821.jpg,1006004740101
確認用[0001-1000]_page_00822.jpg,1006004741101
確認用[0001-1000]_page_00823.jpg,1006004742101
確認用[0001-1000]_page_00824.jpg,1006004743101
確認用[0001-1000]_page_00825.jpg,1006004744101
確認用[0001-1000]_page_00826.jpg,1006004745101
確認用[0001-1000]_page_00827.jpg,1006004746101
確認用[0001-1000]_page_00828.jpg,1006004747101
確認用[0001-1000]_page_00829.jpg,1006004748101
確認用[0001-1000]_page_00830.jpg,1006004749101
確認用[0001-1000]_page_00831.jpg,1006004750101
確認用[0001-1000]_page_00832.jpg,1006004751101
確認用[0001-1000]_page_00833.jpg,1006004752101
確認用[0001-1000]_page_00834.jpg,1006004753101
確認用[0001-1000]_page_00835.jpg,1006004754101
確認用[0001-1000]_page_00836.jpg,1006004755101
確認用[0001-1000]_page_00837.jpg,1006004756101
確認用[0001-1000]_page_00838.jpg,1006004757101
確認用[0001-1000]_page_00839.jpg,1006004758101
確認用[0001-1000]_page_00840.jpg,1006004759101
確認用[0001-1000]_page_00841.jpg,1006004760101
確認用[0001-1000]_page_00842.jpg,1006004761101
確認用[0001-1000]_page_00843.jpg,1006004762101
確認用[0001-1000]_page_00844.jpg,1006004763101
確認用[0001-1000]_page_00845.jpg,1006004764101
確認用[0001-1000]_page_00846.jpg,1006004765101
確認用[0001-1000]_page_00847.jpg,1006004766101
確認用[0001-1000]_page_00848.jpg,1006004767101
確認用[0001-1000]_page_00849.jpg,1006004768101
確認用[0001-1000]_page_00850.jpg,1006004769101
確認用[0001-1000]_page_00851.jpg,1006004770101
確認用[0001-1000]_page_00852.jpg,1006004771101
確認用[0001-1000]_page_00853.jpg,1006004772101
確認用[0001-1000]_page_00854.jpg,1006004773101
確認用[0001-1000]_page_00855.jpg,1006004774101
確認用[0001-1000]_page_00856.jpg,1006004775101
確認用[0001-1000]_page_00857.jpg,1006004776101
確認用[0001-1000]_page_00858.jpg,1006004777101
確認用[0001-1000]_page_00859.jpg,1006004778101
確認用[0001-1000]_page_00860.jpg,1006004779101
確認用[0001-1000]_page_00861.jpg,1006004780101
確認用[0001-1000]_page_00862.jpg,1006004781101
確認用[0001-1000]_page_00863.jpg,1006004782101
確認用[0001-1000]_page_00864.jpg,1006004783101
確認用[0001-1000]_page_00865.jpg,1006004784101
確認用[0001-1000]_page_00866.jpg,1006004785101
確認用[0001-1000]_page_00867.jpg,1006004786101
確認用[0001-1000]_page_00868.jpg,1006004787101
確認用[0001-1000]_page_00869.jpg,1006004788101
確認用[0001-1000]_page_00870.jpg,1006004789101
確認用[0001-1000]_page_00871.jpg,1006004790101
確認用[0001-1000]_page_00872.jpg,1006004791101
確認用[0001-1000]_page_00873.jpg,1006004792101
確認用[0001-1000]_page_00874.jpg,1006004793101
確認用[0001-1000]_page_00875.jpg,1006004794101
確認用[0001-1000]_page_00876.jpg,1006004795101
確認用[0001-1000]_page_00877.jpg,1006004796101
確認用[0001-1000]_page_00878.jpg,1006004797101
確認用[0001-1000]_page_00879.jpg,1006004798101
確認用[0001-1000]_page_00880.jpg,1006004799101
確認用[0001-1000]_page_00881.jpg,1006004800101
確認用[0001-1000]_page_00882.jpg,1006004801101
確認用[0001-1000]_page_00883.jpg,1006004802101
確認用[0001-1000]_page_00884.jpg,1006004803101
確認用[0001-1000]_page_00885.jpg,1006004804101
確認用[0001-1000]_page_00886.jpg,1006004805101
確認用[0001-1000]_page_00887.jpg,1006004806101
確認用[0001-1000]_page_00888.jpg,1006004807101
確認用[0001-1000]_page_00889.jpg,1006004808101
確認用[0001-1000]_page_00890.jpg,1006004809101
確認用[0001-1000]_page_00891.jpg,1006004810101
確認用[0001-1000]_page_00892.jpg,1006004811101
確認用[0001-1000]_page_00893.jpg,1006004812101
確認用[0001-1000]_page_00894.jpg,1006004813101
確認用[0001-1000]_page_00895.jpg,1006004814101
確認用[0001-1000]_page_00896.jpg,1006004815101
確認用[0001-1000]_page_00897.jpg,1006004816101
確認用[0001-1000]_page_00898.jpg,1006004817101
確認用[0001-1000]_page_00899.jpg,1006004818101
確認用[0001-1000]_page_00900.jpg,1006004819101
確認用[0001-1000]_page_00901.jpg,1006004820101
確認用[0001-1000]_page_00902.jpg,1006004821101
確認用[0001-1000]_page_00903.jpg,1006004822101
確認用[0001-1000]_page_00904.jpg,1006004823101
確認用[0001-1000]_page_00905.jpg,1006004824101
確認用[0001-1000]_page_00906.jpg,1006004825101
確認用[0001-1000]_page_00907.jpg,1006004826101
確認用[0001-1000]_page_00908.jpg,1006004827101
確認用[0001-1000]_page_00909.jpg,1006004828101
確認用[0001-1000]_page_00910.jpg,1006004829101
確認用[0001-1000]_page_00911.jpg,1006004830101
確認用[0001-1000]_page_00912.jpg,1006004831101
確認用[0001-1000]_page_00913.jpg,1006004832101
確認用[0001-1000]_page_00914.jpg,1006004833101
確認用[0001-1000]_page_00915.jpg,1006004834101
確認用[0001-1000]_page_00916.jpg,1006004835101
確認用[0001-1000]_page_00917.jpg,1006004836101
確認用[0001-1000]_page_00918.jpg,1006004837101
確認用[0001-1000]_page_00919.jpg,1006004838101
確認用[0001-1000]_page_00920.jpg,1006004839101
確認用[0001-1000]_page_00921.jpg,1006004840101
確認用[0001-1000]_page_00922.jpg,1006004841101
確認用[0001-1000]_page_00923.jpg,1006004842101
確認用[0001-1000]_page_00924.jpg,1006004843101
確認用[0001-1000]_page_00925.jpg,1006004844101
確認用[0001-1000]_page_00926.jpg,1006004845101
確認用[0001-1000]_page_00927.jpg,1006004846101
確認用[0001-1000]_page_00928.jpg,1006004847101
確認用[0001-1000]_page_00929.jpg,1006004848101
確認用[0001-1000]_page_00930.jpg,1006004849101
確認用[0001-1000]_page_00931.jpg,1006004850101
確認用[0001-1000]_page_00932.jpg,1006004851101
確認用[0001-1000]_page_00933.jpg,1006004852101
確認用[0001-1000]_page_00934.jpg,1006004853101
確認用[0001-1000]_page_00935.jpg,1006004854101
確認用[0001-1000]_page_00936.jpg,1006004855101
確認用[0001-1000]_page_00937.jpg,1006004856101
確認用[0001-1000]_page_00938.jpg,1006004857101
確認用[0001-1000]_page_00939.jpg,1006004858101
確認用[0001-1000]_page_00940.jpg,1006004859101
確認用[0001-1000]_page_00941.jpg,1006004860101
確認用[0001-1000]_page_00942.jpg,1006004861101
確認用[0001-1000]_page_00943.jpg,1006004862101
確認用[0001-1000]_page_00944.jpg,1006004863101
確認用[0001-1000]_page_00945.jpg,1006004864101
確認用[0001-1000]_page_00946.jpg,1006004865101
確認用[0001-1000]_page_00947.jpg,1006004866101
確認用[0001-1000]_page_00948.jpg,1006004867101
確認用[0001-1000]_page_00949.jpg,1006004868101
確認用[0001-1000]_page_00950.jpg,1006004869101
確認用[0001-1000]_page_00951.jpg,1006004870101
確認用[0001-1000]_page_00952.jpg,1006004871101
確認用[0001-1000]_page_00953.jpg,1006004872101
確認用[0001-1000]_page_00954.jpg,1006004873101
確認用[0001-1000]_page_00955.jpg,1006004874101
確認用[0001-1000]_page_00956.jpg,1006004875101
確認用[0001-1000]_page_00957.jpg,1006004876101
確認用[0001-1000]_page_00958.jpg,1006004877101
確認用[0001-1000]_page_00959.jpg,1006004878101
確認用[0001-1000]_page_00960.jpg,1006004879101
確認用[0001-1000]_page_00961.jpg,1006004880101
確認用[0001-1000]_page_00962.jpg,1006004881101
確認用[0001-1000]_page_00963.jpg,1006004882101
確認用[0001-1000]_page_00964.jpg,1006004883101
確認用[0001-1000]_page_00965.jpg,1006004884101
確認用[0001-1000]_page_00966.jpg,1006004885101
確認用[0001-1000]_page_00967.jpg,1006004886101
確認用[0001-1000]_page_00968.jpg,1006004887101
確認用[0001-1000]_page_00969.jpg,1006004888101
確認用[0001-1000]_page_00970.jpg,1006004889101
確認用[0001-1000]_page_00971.jpg,1006004890101
確認用[0001-1000]_page_00972.jpg,1006004891101
確認用[0001-1000]_page_00973.jpg,1006004892101
確認用[0001-1000]_page_00974.jpg,1006004893101
確認用[0001-1000]_page_00975.jpg,1006004894101
確認用[0001-1000]_page_00976.jpg,1006004895101
確認用[0001-1000]_page_00977.jpg,1006004896101
確認用[0001-1000]_page_00978.jpg,1006004897101
確認用[0001-1000]_page_00979.jpg,1006004898101
確認用[0001-1000]_page_00980.jpg,1006004899101
確認用[0001-1000]_page_00981.jpg,1006004900101
確認用[0001-1000]_page_00982.jpg,1006004901101
確認用[0001-1000]_page_00983.jpg,1006004902101
確認用[0001-1000]_page_00984.jpg,1006004903101
確認用[0001-1000]_page_00985.jpg,1006004904101
確認用[0001-1000]_page_00986.jpg,1006004905101
確認用[0001-1000]_page_00987.jpg,1006004906101
確認用[0001-1000]_page_00988.jpg,1006004907101
確認用[0001-1000]_page_00989.jpg,1006004908101
確認用[0001-1000]_page_00990.jpg,1006004909101
確認用[0001-1000]_page_00991.jpg,1006004910101
確認用[0001-1000]_page_00992.jpg,1006004911101
確認用[0001-1000]_page_00993.jpg,1006004912101
確認用[0001-1000]_page_00994.jpg,1006004913101
確認用[0001-1000]_page_00995.jpg,1006004914101
確認用[0001-1000]_page_00996.jpg,1006004915101
確認用[0001-1000]_page_00997.jpg,1006004916101
確認用[0001-1000]_page_00998.jpg,1006004917101
確認用[0001-1000]_page_00999.jpg,1006004918101
確認用[0001-1000]_page_01000.jpg,1006004919101
